Geo_FIPS,Geo_GEOID,Geo_NAME,Geo_QName,Geo_STUSAB,Geo_SUMLEV,Geo_GEOCOMP,Geo_FILEID,Geo_LOGRECNO,Geo_US,Geo_REGION,Geo_DIVISION,Geo_STATECE,Geo_STATE,Geo_COUNTY,Geo_COUSUB,Geo_PLACE,Geo_PLACESE,Geo_TRACT,Geo_BLKGRP,Geo_CONCIT,Geo_AIANHH,Geo_AIANHHFP,Geo_AIHHTLI,Geo_AITSCE,Geo_AITS,Geo_ANRC,Geo_CBSA,Geo_CSA,Geo_METDIV,Geo_MACC,Geo_MEMI,Geo_NECTA,Geo_CNECTA,Geo_NECTADIV,Geo_UA,Geo_UACP,Geo_CDCURR,Geo_SLDU,Geo_SLDL,Geo_VTD,Geo_ZCTA3,Geo_ZCTA5,Geo_SUBMCD,Geo_SDELM,Geo_SDSEC,Geo_SDUNI,Geo_UR,Geo_PCI,Geo_TAZ,Geo_UGA,Geo_BTTR,Geo_BTBG,Geo_PUMA5,Geo_PUMA1,SE_T001_001,SE_T014_001,SE_T014_002,SE_T014_003,SE_T014_004,SE_T014_005,SE_T014_006,SE_T014_007,SE_T014_008,SE_T014_009,SE_T014_010,SE_T014_011,SE_T014_012,SE_T014_013,SE_T014_014,SE_T014_015,SE_T014_016,SE_T014_017,SE_T093_001,SE_T095_001,SE_T095_002,SE_T095_003,SE_T101_001,SE_T114_001,SE_T114_002,SE_T114_003,SE_T115_001,SE_T115_002,SE_T115_003,SE_T116_001,SE_T116_002,SE_T116_003,SE_T142_001
"29510101100","14000US29510101100","Census Tract 1011, St. Louis city, Missouri","Census Tract 1011, St. Louis city, Missouri","mo","140","00","ACSSF","0005622",,,,,"29","510",,,,"101100",,,,,,,,,,,,,,,,,,,,,,,,,,,,,,,,,,,,,2514,2514,2323,1940,133,31,73,0,0,146,191,45,0,0,0,0,146,0,1186,1186,1067,119,106600,440,111,329,1684,156,1528,390,15,375,901
"29510101200","14000US29510101200","Census Tract 1012, St. Louis city, Missouri","Census Tract 1012, St. Louis city, Missouri","mo","140","00","ACSSF","0005623",,,,,"29","510",,,,"101200",,,,,,,,,,,,,,,,,,,,,,,,,,,,,,,,,,,,,3376,3376,3290,2856,233,158,32,0,0,11,86,86,0,0,0,0,0,0,1546,1546,1478,68,133000,620,113,507,2245,268,1977,495,42,453,1141
"29510101300","14000US29510101300","Census Tract 1013, St. Louis city, Missouri","Census Tract 1013, St. Louis city, Missouri","mo","140","00","ACSSF","0005624",,,,,"29","510",,,,"101300",,,,,,,,,,,,,,,,,,,,,,,,,,,,,,,,,,,,,3972,3972,3929,3292,539,0,32,0,0,66,43,42,0,1,0,0,0,0,2168,2168,1844,324,135300,654,0,654,2770,164,2606,548,14,534,1407
"29510101400","14000US29510101400","Census Tract 1014, St. Louis city, Missouri","Census Tract 1014, St. Louis city, Missouri","mo","140","00","ACSSF","0005625",,,,,"29","510",,,,"101400",,,,,,,,,,,,,,,,,,,,,,,,,,,,,,,,,,,,,2711,2711,2605,1559,779,7,114,86,0,60,106,88,0,5,0,0,13,0,1455,1455,1148,307,107800,505,221,284,1923,374,1549,283,5,278,734
"29510101500","14000US29510101500","Census Tract 1015, St. Louis city, Missouri","Census Tract 1015, St. Louis city, Missouri","mo","140","00","ACSSF","0005626",,,,,"29","510",,,,"101500",,,,,,,,,,,,,,,,,,,,,,,,,,,,,,,,,,,,,3937,3937,3654,1720,1732,23,33,0,0,146,283,248,4,0,0,0,31,0,1812,1812,1453,359,64200,1190,506,684,2475,800,1675,225,36,189,371
"29510101800","14000US29510101800","Census Tract 1018, St. Louis city, Missouri","Census Tract 1018, St. Louis city, Missouri","mo","140","00","ACSSF","0005627",,,,,"29","510",,,,"101800",,,,,,,,,,,,,,,,,,,,,,,,,,,,,,,,,,,,,3102,3102,2755,1608,1012,13,0,0,0,122,347,347,0,0,0,0,0,0,1596,1596,1202,394,86300,811,335,476,1994,510,1484,297,31,266,435
"29510102100","14000US29510102100","Census Tract 1021, St. Louis city, Missouri","Census Tract 1021, St. Louis city, Missouri","mo","140","00","ACSSF","0005628",,,,,"29","510",,,,"102100",,,,,,,,,,,,,,,,,,,,,,,,,,,,,,,,,,,,,2774,2774,2593,2129,355,0,0,0,12,97,181,73,0,11,0,0,97,0,1740,1740,1534,206,118000,410,73,337,1974,205,1769,390,8,382,599
"29510102200","14000US29510102200","Census Tract 1022, St. Louis city, Missouri","Census Tract 1022, St. Louis city, Missouri","mo","140","00","ACSSF","0005629",,,,,"29","510",,,,"102200",,,,,,,,,,,,,,,,,,,,,,,,,,,,,,,,,,,,,5966,5966,5697,5490,54,16,96,0,0,41,269,253,0,0,0,0,0,16,3083,3083,2958,125,162600,736,31,705,4280,195,4085,936,58,878,2172
"29510102300","14000US29510102300","Census Tract 1023, St. Louis city, Missouri","Census Tract 1023, St. Louis city, Missouri","mo","140","00","ACSSF","0005630",,,,,"29","510",,,,"102300",,,,,,,,,,,,,,,,,,,,,,,,,,,,,,,,,,,,,2027,2027,1943,1695,31,0,173,0,19,25,84,70,14,0,0,0,0,0,911,911,888,23,121100,302,92,210,1441,270,1171,272,24,248,677
"29510102400","14000US29510102400","Census Tract 1024, St. Louis city, Missouri","Census Tract 1024, St. Louis city, Missouri","mo","140","00","ACSSF","0005631",,,,,"29","510",,,,"102400",,,,,,,,,,,,,,,,,,,,,,,,,,,,,,,,,,,,,2579,2579,2421,2258,163,0,0,0,0,0,158,124,0,0,0,0,0,34,1201,1201,1132,69,110000,496,262,234,1815,388,1427,243,51,192,585
"29510102500","14000US29510102500","Census Tract 1025, St. Louis city, Missouri","Census Tract 1025, St. Louis city, Missouri","mo","140","00","ACSSF","0005632",,,,,"29","510",,,,"102500",,,,,,,,,,,,,,,,,,,,,,,,,,,,,,,,,,,,,2092,2092,1906,1748,93,23,0,0,0,42,186,27,0,0,0,0,58,101,1029,1029,1012,17,118500,345,51,294,1422,184,1238,309,44,265,603
"29510103100","14000US29510103100","Census Tract 1031, St. Louis city, Missouri","Census Tract 1031, St. Louis city, Missouri","mo","140","00","ACSSF","0005633",,,,,"29","510",,,,"103100",,,,,,,,,,,,,,,,,,,,,,,,,,,,,,,,,,,,,3097,3097,3027,2771,196,0,11,0,26,23,70,10,26,0,0,0,34,0,1917,1917,1659,258,186000,484,115,369,2201,216,1985,412,9,403,898
"29510103400","14000US29510103400","Census Tract 1034, St. Louis city, Missouri","Census Tract 1034, St. Louis city, Missouri","mo","140","00","ACSSF","0005634",,,,,"29","510",,,,"103400",,,,,,,,,,,,,,,,,,,,,,,,,,,,,,,,,,,,,1876,1876,1844,1734,62,5,5,0,0,38,32,32,0,0,0,0,0,0,947,947,892,55,137700,244,0,244,1418,123,1295,214,10,204,618
"29510103600","14000US29510103600","Census Tract 1036, St. Louis city, Missouri","Census Tract 1036, St. Louis city, Missouri","mo","140","00","ACSSF","0005635",,,,,"29","510",,,,"103600",,,,,,,,,,,,,,,,,,,,,,,,,,,,,,,,,,,,,1317,1317,1295,1130,37,49,11,0,7,61,22,17,0,0,0,0,5,0,689,689,612,77,120400,326,111,215,858,122,736,133,38,95,452
"29510103700","14000US29510103700","Census Tract 1037, St. Louis city, Missouri","Census Tract 1037, St. Louis city, Missouri","mo","140","00","ACSSF","0005636",,,,,"29","510",,,,"103700",,,,,,,,,,,,,,,,,,,,,,,,,,,,,,,,,,,,,2572,2572,2468,2178,154,0,45,0,0,91,104,104,0,0,0,0,0,0,1408,1408,1260,148,134000,443,12,431,1859,157,1702,270,53,217,806
"29510103800","14000US29510103800","Census Tract 1038, St. Louis city, Missouri","Census Tract 1038, St. Louis city, Missouri","mo","140","00","ACSSF","0005637",,,,,"29","510",,,,"103800",,,,,,,,,,,,,,,,,,,,,,,,,,,,,,,,,,,,,3837,3837,3669,3258,283,0,86,0,0,42,168,82,0,0,0,0,86,0,1880,1880,1731,149,160000,664,27,637,2691,85,2606,475,35,440,1284
"29510104200","14000US29510104200","Census Tract 1042, St. Louis city, Missouri","Census Tract 1042, St. Louis city, Missouri","mo","140","00","ACSSF","0005638",,,,,"29","510",,,,"104200",,,,,,,,,,,,,,,,,,,,,,,,,,,,,,,,,,,,,3281,3281,3119,2705,120,12,202,0,10,70,162,120,0,0,0,18,24,0,2026,2026,1756,270,132500,317,70,247,2565,323,2242,343,18,325,819
"29510104500","14000US29510104500","Census Tract 1045, St. Louis city, Missouri","Census Tract 1045, St. Louis city, Missouri","mo","140","00","ACSSF","0005639",,,,,"29","510",,,,"104500",,,,,,,,,,,,,,,,,,,,,,,,,,,,,,,,,,,,,1685,1685,1657,1257,132,1,241,0,0,26,28,28,0,0,0,0,0,0,1384,1384,940,444,121600,122,7,115,1391,240,1151,171,0,171,391
"29510105198","14000US29510105198","Census Tract 1051.98, St. Louis city, Missouri","Census Tract 1051.98, St. Louis city, Missouri","mo","140","00","ACSSF","0005640",,,,,"29","510",,,,"105198",,,,,,,,,,,,,,,,,,,,,,,,,,,,,,,,,,,,,3534,3534,3415,2442,606,0,334,0,0,33,119,103,0,0,0,0,16,0,1984,1984,1625,359,330400,313,6,307,2741,765,1976,470,82,388,790
"29510105200","14000US29510105200","Census Tract 1052, St. Louis city, Missouri","Census Tract 1052, St. Louis city, Missouri","mo","140","00","ACSSF","0005641",,,,,"29","510",,,,"105200",,,,,,,,,,,,,,,,,,,,,,,,,,,,,,,,,,,,,3020,3020,2990,1169,1488,0,209,0,0,124,30,30,0,0,0,0,0,0,1675,1675,1476,199,186700,370,16,354,2282,349,1933,363,36,327,535
"29510105300","14000US29510105300","Census Tract 1053, St. Louis city, Missouri","Census Tract 1053, St. Louis city, Missouri","mo","140","00","ACSSF","0005642",,,,,"29","510",,,,"105300",,,,,,,,,,,,,,,,,,,,,,,,,,,,,,,,,,,,,2528,2528,2483,195,2167,0,41,0,0,80,45,45,0,0,0,0,0,0,1536,1536,1159,377,170500,566,167,399,1572,508,1064,364,34,330,414
"29510105400","14000US29510105400","Census Tract 1054, St. Louis city, Missouri","Census Tract 1054, St. Louis city, Missouri","mo","140","00","ACSSF","0005643",,,,,"29","510",,,,"105400",,,,,,,,,,,,,,,,,,,,,,,,,,,,,,,,,,,,,2361,2361,2104,102,1840,0,0,0,0,162,257,190,0,0,0,3,45,19,1182,1182,876,306,65400,771,296,475,1393,333,1060,187,75,112,121
"29510105500","14000US29510105500","Census Tract 1055, St. Louis city, Missouri","Census Tract 1055, St. Louis city, Missouri","mo","140","00","ACSSF","0005644",,,,,"29","510",,,,"105500",,,,,,,,,,,,,,,,,,,,,,,,,,,,,,,,,,,,,2806,2806,2792,86,2667,0,12,0,0,27,14,14,0,0,0,0,0,0,1538,1538,1080,458,160900,500,219,281,1957,436,1521,339,80,259,527
"29510106100","14000US29510106100","Census Tract 1061, St. Louis city, Missouri","Census Tract 1061, St. Louis city, Missouri","mo","140","00","ACSSF","0005645",,,,,"29","510",,,,"106100",,,,,,,,,,,,,,,,,,,,,,,,,,,,,,,,,,,,,1830,1830,1823,22,1796,0,0,5,0,0,7,7,0,0,0,0,0,0,1270,1270,789,481,61200,449,278,171,1053,405,648,328,88,240,301
"29510106200","14000US29510106200","Census Tract 1062, St. Louis city, Missouri","Census Tract 1062, St. Louis city, Missouri","mo","140","00","ACSSF","0005646",,,,,"29","510",,,,"106200",,,,,,,,,,,,,,,,,,,,,,,,,,,,,,,,,,,,,1436,1436,1436,14,1396,0,0,0,0,26,0,0,0,0,0,0,0,0,860,860,521,339,43800,559,470,89,707,416,291,160,27,133,189
"29510106300","14000US29510106300","Census Tract 1063, St. Louis city, Missouri","Census Tract 1063, St. Louis city, Missouri","mo","140","00","ACSSF","0005647",,,,,"29","510",,,,"106300",,,,,,,,,,,,,,,,,,,,,,,,,,,,,,,,,,,,,1407,1407,1396,13,1356,5,5,0,0,17,11,0,0,0,0,0,3,8,1108,1108,565,543,54600,349,111,238,836,210,626,222,42,180,259
"29510106400","14000US29510106400","Census Tract 1064, St. Louis city, Missouri","Census Tract 1064, St. Louis city, Missouri","mo","140","00","ACSSF","0005648",,,,,"29","510",,,,"106400",,,,,,,,,,,,,,,,,,,,,,,,,,,,,,,,,,,,,2032,2032,2032,22,1994,0,0,0,0,16,0,0,0,0,0,0,0,0,1549,1549,900,649,49200,395,226,169,1355,420,935,282,22,260,330
"29510106500","14000US29510106500","Census Tract 1065, St. Louis city, Missouri","Census Tract 1065, St. Louis city, Missouri","mo","140","00","ACSSF","0005649",,,,,"29","510",,,,"106500",,,,,,,,,,,,,,,,,,,,,,,,,,,,,,,,,,,,,2712,2712,2694,114,2548,0,0,0,0,32,18,9,0,0,0,0,0,9,1543,1543,1013,530,49500,456,143,313,1448,356,1092,386,65,321,421
"29510106600","14000US29510106600","Census Tract 1066, St. Louis city, Missouri","Census Tract 1066, St. Louis city, Missouri","mo","140","00","ACSSF","0005650",,,,,"29","510",,,,"106600",,,,,,,,,,,,,,,,,,,,,,,,,,,,,,,,,,,,,1770,1770,1740,18,1650,9,30,0,0,33,30,30,0,0,0,0,0,0,939,939,672,267,51400,363,200,163,1134,432,702,246,98,148,266
"29510106700","14000US29510106700","Census Tract 1067, St. Louis city, Missouri","Census Tract 1067, St. Louis city, Missouri","mo","140","00","ACSSF","0005651",,,,,"29","510",,,,"106700",,,,,,,,,,,,,,,,,,,,,,,,,,,,,,,,,,,,,3121,3121,3120,1,3063,0,0,0,0,56,1,1,0,0,0,0,0,0,1994,1994,1325,669,71300,699,474,225,2015,899,1116,385,94,291,565
"29510107200","14000US29510107200","Census Tract 1072, St. Louis city, Missouri","Census Tract 1072, St. Louis city, Missouri","mo","140","00","ACSSF","0005652",,,,,"29","510",,,,"107200",,,,,,,,,,,,,,,,,,,,,,,,,,,,,,,,,,,,,1364,1364,1364,5,1340,0,7,0,12,0,0,0,0,0,0,0,0,0,670,670,511,159,53400,375,203,172,795,281,514,188,26,162,240
"29510107300","14000US29510107300","Census Tract 1073, St. Louis city, Missouri","Census Tract 1073, St. Louis city, Missouri","mo","140","00","ACSSF","0005653",,,,,"29","510",,,,"107300",,,,,,,,,,,,,,,,,,,,,,,,,,,,,,,,,,,,,4568,4568,4531,55,4397,19,0,0,9,51,37,0,37,0,0,0,0,0,2269,2269,1787,482,58400,845,365,480,2910,900,2010,754,132,622,1049
"29510107400","14000US29510107400","Census Tract 1074, St. Louis city, Missouri","Census Tract 1074, St. Louis city, Missouri","mo","140","00","ACSSF","0005654",,,,,"29","510",,,,"107400",,,,,,,,,,,,,,,,,,,,,,,,,,,,,,,,,,,,,2895,2895,2895,28,2852,0,15,0,0,0,0,0,0,0,0,0,0,0,1306,1306,891,415,41500,795,440,355,1727,529,1198,343,85,258,519
"29510107500","14000US29510107500","Census Tract 1075, St. Louis city, Missouri","Census Tract 1075, St. Louis city, Missouri","mo","140","00","ACSSF","0005655",,,,,"29","510",,,,"107500",,,,,,,,,,,,,,,,,,,,,,,,,,,,,,,,,,,,,2192,2192,2192,25,2145,6,11,0,0,5,0,0,0,0,0,0,0,0,1318,1318,818,500,42800,310,197,113,1444,318,1126,438,110,328,569
"29510107600","14000US29510107600","Census Tract 1076, St. Louis city, Missouri","Census Tract 1076, St. Louis city, Missouri","mo","140","00","ACSSF","0005656",,,,,"29","510",,,,"107600",,,,,,,,,,,,,,,,,,,,,,,,,,,,,,,,,,,,,2021,2021,2021,48,1968,0,0,0,0,5,0,0,0,0,0,0,0,0,1185,1185,826,359,53400,417,108,309,1304,435,869,261,70,191,473
"29510108100","14000US29510108100","Census Tract 1081, St. Louis city, Missouri","Census Tract 1081, St. Louis city, Missouri","mo","140","00","ACSSF","0005657",,,,,"29","510",,,,"108100",,,,,,,,,,,,,,,,,,,,,,,,,,,,,,,,,,,,,3208,3208,3207,101,3073,16,0,0,0,17,1,0,0,0,0,0,0,1,1507,1507,1100,407,68800,835,472,363,1838,549,1289,509,34,475,641
"29510108200","14000US29510108200","Census Tract 1082, St. Louis city, Missouri","Census Tract 1082, St. Louis city, Missouri","mo","140","00","ACSSF","0005658",,,,,"29","510",,,,"108200",,,,,,,,,,,,,,,,,,,,,,,,,,,,,,,,,,,,,2421,2421,2421,52,2311,0,0,0,23,35,0,0,0,0,0,0,0,0,1277,1277,1111,166,79900,454,212,242,1413,332,1081,380,34,346,572
"29510108300","14000US29510108300","Census Tract 1083, St. Louis city, Missouri","Census Tract 1083, St. Louis city, Missouri","mo","140","00","ACSSF","0005659",,,,,"29","510",,,,"108300",,,,,,,,,,,,,,,,,,,,,,,,,,,,,,,,,,,,,2049,2049,2027,126,1867,0,12,0,0,22,22,6,16,0,0,0,0,0,1084,1084,832,252,58200,475,185,290,1326,307,1019,239,24,215,481
"29510109600","14000US29510109600","Census Tract 1096, St. Louis city, Missouri","Census Tract 1096, St. Louis city, Missouri","mo","140","00","ACSSF","0005660",,,,,"29","510",,,,"109600",,,,,,,,,,,,,,,,,,,,,,,,,,,,,,,,,,,,,2986,2986,2943,68,2849,7,0,0,0,19,43,0,26,0,0,0,0,17,1648,1648,1196,452,73500,627,299,328,1582,387,1195,759,73,686,603
"29510109700","14000US29510109700","Census Tract 1097, St. Louis city, Missouri","Census Tract 1097, St. Louis city, Missouri","mo","140","00","ACSSF","0005661",,,,,"29","510",,,,"109700",,,,,,,,,,,,,,,,,,,,,,,,,,,,,,,,,,,,,2488,2488,2433,227,2196,0,0,0,0,10,55,31,6,0,0,0,0,18,1567,1567,891,676,27900,827,553,274,1363,786,577,277,53,224,322
"29510110100","14000US29510110100","Census Tract 1101, St. Louis city, Missouri","Census Tract 1101, St. Louis city, Missouri","mo","140","00","ACSSF","0005662",,,,,"29","510",,,,"110100",,,,,,,,,,,,,,,,,,,,,,,,,,,,,,,,,,,,,2936,2936,2886,30,2817,0,0,0,0,39,50,13,0,0,0,0,0,37,1647,1647,1181,466,56400,617,282,335,1783,538,1245,529,118,411,491
"29510110200","14000US29510110200","Census Tract 1102, St. Louis city, Missouri","Census Tract 1102, St. Louis city, Missouri","mo","140","00","ACSSF","0005663",,,,,"29","510",,,,"110200",,,,,,,,,,,,,,,,,,,,,,,,,,,,,,,,,,,,,1996,1996,1996,0,1968,0,16,0,0,12,0,0,0,0,0,0,0,0,1462,1462,855,607,52900,363,180,183,1296,461,835,337,47,290,357
"29510110300","14000US29510110300","Census Tract 1103, St. Louis city, Missouri","Census Tract 1103, St. Louis city, Missouri","mo","140","00","ACSSF","0005664",,,,,"29","510",,,,"110300",,,,,,,,,,,,,,,,,,,,,,,,,,,,,,,,,,,,,2018,2018,1998,30,1968,0,0,0,0,0,20,20,0,0,0,0,0,0,1563,1563,934,629,56800,364,197,167,1420,413,1007,234,32,202,366
"29510110400","14000US29510110400","Census Tract 1104, St. Louis city, Missouri","Census Tract 1104, St. Louis city, Missouri","mo","140","00","ACSSF","0005665",,,,,"29","510",,,,"110400",,,,,,,,,,,,,,,,,,,,,,,,,,,,,,,,,,,,,2012,2012,2012,19,1976,0,0,17,0,0,0,0,0,0,0,0,0,0,1423,1423,955,468,61600,397,247,150,1232,394,838,383,71,312,432
"29510110500","14000US29510110500","Census Tract 1105, St. Louis city, Missouri","Census Tract 1105, St. Louis city, Missouri","mo","140","00","ACSSF","0005666",,,,,"29","510",,,,"110500",,,,,,,,,,,,,,,,,,,,,,,,,,,,,,,,,,,,,1038,1038,1038,14,1012,0,0,0,7,5,0,0,0,0,0,0,0,0,902,902,470,432,48200,185,162,23,667,294,373,186,34,152,223
"29510111100","14000US29510111100","Census Tract 1111, St. Louis city, Missouri","Census Tract 1111, St. Louis city, Missouri","mo","140","00","ACSSF","0005667",,,,,"29","510",,,,"111100",,,,,,,,,,,,,,,,,,,,,,,,,,,,,,,,,,,,,1859,1859,1859,75,1763,0,0,0,0,21,0,0,0,0,0,0,0,0,924,924,665,259,78900,387,278,109,1228,524,704,124,18,106,212
"29510111200","14000US29510111200","Census Tract 1112, St. Louis city, Missouri","Census Tract 1112, St. Louis city, Missouri","mo","140","00","ACSSF","0005668",,,,,"29","510",,,,"111200",,,,,,,,,,,,,,,,,,,,,,,,,,,,,,,,,,,,,934,934,913,55,847,0,3,0,5,3,21,5,6,0,0,0,5,5,627,627,338,289,51900,156,123,33,592,301,291,108,32,76,143
"29510111300","14000US29510111300","Census Tract 1113, St. Louis city, Missouri","Census Tract 1113, St. Louis city, Missouri","mo","140","00","ACSSF","0005669",,,,,"29","510",,,,"111300",,,,,,,,,,,,,,,,,,,,,,,,,,,,,,,,,,,,,1349,1349,1349,4,1345,0,0,0,0,0,0,0,0,0,0,0,0,0,1146,1146,761,385,70600,178,30,148,796,230,566,363,60,303,224
"29510111400","14000US29510111400","Census Tract 1114, St. Louis city, Missouri","Census Tract 1114, St. Louis city, Missouri","mo","140","00","ACSSF","0005670",,,,,"29","510",,,,"111400",,,,,,,,,,,,,,,,,,,,,,,,,,,,,,,,,,,,,1358,1358,1358,11,1316,0,31,0,0,0,0,0,0,0,0,0,0,0,789,789,469,320,54800,441,258,183,810,190,620,102,35,67,193
"29510111500","14000US29510111500","Census Tract 1115, St. Louis city, Missouri","Census Tract 1115, St. Louis city, Missouri","mo","140","00","ACSSF","0005671",,,,,"29","510",,,,"111500",,,,,,,,,,,,,,,,,,,,,,,,,,,,,,,,,,,,,694,694,694,1,677,0,0,0,0,16,0,0,0,0,0,0,0,0,453,453,260,193,63700,216,103,113,382,158,224,95,17,78,134
"29510112100","14000US29510112100","Census Tract 1121, St. Louis city, Missouri","Census Tract 1121, St. Louis city, Missouri","mo","140","00","ACSSF","0005672",,,,,"29","510",,,,"112100",,,,,,,,,,,,,,,,,,,,,,,,,,,,,,,,,,,,,4556,4556,4436,3001,1057,24,258,0,0,96,120,91,0,0,0,0,16,13,2792,2792,2409,383,557600,620,14,606,3356,592,2764,505,17,488,954
"29510112200","14000US29510112200","Census Tract 1122, St. Louis city, Missouri","Census Tract 1122, St. Louis city, Missouri","mo","140","00","ACSSF","0005673",,,,,"29","510",,,,"112200",,,,,,,,,,,,,,,,,,,,,,,,,,,,,,,,,,,,,1632,1632,1603,107,1496,0,0,0,0,0,29,29,0,0,0,0,0,0,942,942,592,350,116300,454,258,196,980,313,667,141,35,106,238
"29510112300","14000US29510112300","Census Tract 1123, St. Louis city, Missouri","Census Tract 1123, St. Louis city, Missouri","mo","140","00","ACSSF","0005674",,,,,"29","510",,,,"112300",,,,,,,,,,,,,,,,,,,,,,,,,,,,,,,,,,,,,1820,1820,1820,24,1749,0,0,0,15,32,0,0,0,0,0,0,0,0,1300,1300,839,461,71400,518,400,118,1031,433,598,271,68,203,222
"29510112400","14000US29510112400","Census Tract 1124, St. Louis city, Missouri","Census Tract 1124, St. Louis city, Missouri","mo","140","00","ACSSF","0005675",,,,,"29","510",,,,"112400",,,,,,,,,,,,,,,,,,,,,,,,,,,,,,,,,,,,,4006,4006,3854,2523,879,0,386,0,3,63,152,116,0,26,0,0,10,0,2628,2628,2326,302,374700,303,43,260,3010,499,2511,544,31,513,698
"29510113500","14000US29510113500","Census Tract 1135, St. Louis city, Missouri","Census Tract 1135, St. Louis city, Missouri","mo","140","00","ACSSF","0005676",,,,,"29","510",,,,"113500",,,,,,,,,,,,,,,,,,,,,,,,,,,,,,,,,,,,,2205,2205,2155,2114,24,0,4,0,0,13,50,42,8,0,0,0,0,0,1358,1358,1192,166,149100,260,36,224,1595,220,1375,350,14,336,745
"29510114101","14000US29510114101","Census Tract 1141.01, St. Louis city, Missouri","Census Tract 1141.01, St. Louis city, Missouri","mo","140","00","ACSSF","0005677",,,,,"29","510",,,,"114101",,,,,,,,,,,,,,,,,,,,,,,,,,,,,,,,,,,,,4307,4307,4205,2964,960,17,55,0,0,209,102,102,0,0,0,0,0,0,2580,2580,2288,292,163000,673,52,621,3169,412,2757,442,60,382,836
"29510114102","14000US29510114102","Census Tract 1141.02, St. Louis city, Missouri","Census Tract 1141.02, St. Louis city, Missouri","mo","140","00","ACSSF","0005678",,,,,"29","510",,,,"114102",,,,,,,,,,,,,,,,,,,,,,,,,,,,,,,,,,,,,4282,4282,4274,4142,132,0,0,0,0,0,8,0,0,0,0,0,0,8,2201,2201,2049,152,259100,713,0,713,2921,166,2755,640,71,569,1023
"29510114200","14000US29510114200","Census Tract 1142, St. Louis city, Missouri","Census Tract 1142, St. Louis city, Missouri","mo","140","00","ACSSF","0005679",,,,,"29","510",,,,"114200",,,,,,,,,,,,,,,,,,,,,,,,,,,,,,,,,,,,,4721,4721,4584,3875,397,0,79,0,0,233,137,71,0,0,0,0,66,0,2631,2631,2482,149,138200,665,229,436,3548,491,3057,508,65,443,1394
"29510114300","14000US29510114300","Census Tract 1143, St. Louis city, Missouri","Census Tract 1143, St. Louis city, Missouri","mo","140","00","ACSSF","0005680",,,,,"29","510",,,,"114300",,,,,,,,,,,,,,,,,,,,,,,,,,,,,,,,,,,,,5162,5162,4916,4430,268,0,137,0,17,64,246,181,0,0,0,0,37,28,2731,2731,2508,223,153600,863,51,812,3731,226,3505,544,39,505,1936
"29510115100","14000US29510115100","Census Tract 1151, St. Louis city, Missouri","Census Tract 1151, St. Louis city, Missouri","mo","140","00","ACSSF","0005681",,,,,"29","510",,,,"115100",,,,,,,,,,,,,,,,,,,,,,,,,,,,,,,,,,,,,4177,4177,3783,3089,464,19,75,0,0,136,394,306,11,0,0,0,38,39,1946,1946,1805,141,89000,776,262,514,2670,569,2101,523,177,346,1051
"29510115200","14000US29510115200","Census Tract 1152, St. Louis city, Missouri","Census Tract 1152, St. Louis city, Missouri","mo","140","00","ACSSF","0005682",,,,,"29","510",,,,"115200",,,,,,,,,,,,,,,,,,,,,,,,,,,,,,,,,,,,,3370,3370,2978,1168,1393,0,295,0,59,63,392,379,0,0,0,0,13,0,1728,1728,1477,251,90600,929,552,377,2149,642,1507,257,46,211,446
"29510115300","14000US29510115300","Census Tract 1153, St. Louis city, Missouri","Census Tract 1153, St. Louis city, Missouri","mo","140","00","ACSSF","0005683",,,,,"29","510",,,,"115300",,,,,,,,,,,,,,,,,,,,,,,,,,,,,,,,,,,,,5167,5167,4835,2205,1872,0,675,0,0,83,332,327,5,0,0,0,0,0,2351,2351,1932,419,82600,1367,525,842,3373,720,2653,419,5,414,1138
"29510115400","14000US29510115400","Census Tract 1154, St. Louis city, Missouri","Census Tract 1154, St. Louis city, Missouri","mo","140","00","ACSSF","0005684",,,,,"29","510",,,,"115400",,,,,,,,,,,,,,,,,,,,,,,,,,,,,,,,,,,,,3312,3312,2952,1668,847,0,102,22,99,214,360,320,0,0,0,0,40,0,1393,1393,1158,235,83100,832,354,478,2241,545,1696,239,11,228,695
"29510115500","14000US29510115500","Census Tract 1155, St. Louis city, Missouri","Census Tract 1155, St. Louis city, Missouri","mo","140","00","ACSSF","0005685",,,,,"29","510",,,,"115500",,,,,,,,,,,,,,,,,,,,,,,,,,,,,,,,,,,,,6446,6446,5688,1694,3748,0,53,0,0,193,758,722,0,0,0,0,36,0,2985,2985,2481,504,75500,1780,1019,761,4068,1636,2432,598,63,535,831
"29510115600","14000US29510115600","Census Tract 1156, St. Louis city, Missouri","Census Tract 1156, St. Louis city, Missouri","mo","140","00","ACSSF","0005686",,,,,"29","510",,,,"115600",,,,,,,,,,,,,,,,,,,,,,,,,,,,,,,,,,,,,4813,4813,4404,1836,2237,0,42,0,146,143,409,331,0,25,0,0,39,14,2880,2880,2054,826,69200,1064,634,430,2733,848,1885,702,185,517,580
"29510115700","14000US29510115700","Census Tract 1157, St. Louis city, Missouri","Census Tract 1157, St. Louis city, Missouri","mo","140","00","ACSSF","0005687",,,,,"29","510",,,,"115700",,,,,,,,,,,,,,,,,,,,,,,,,,,,,,,,,,,,,3658,3658,3038,1111,1677,0,183,0,45,22,620,520,0,0,77,0,0,23,1832,1832,1358,474,56700,1247,807,440,2105,848,1257,217,24,193,354
"29510116100","14000US29510116100","Census Tract 1161, St. Louis city, Missouri","Census Tract 1161, St. Louis city, Missouri","mo","140","00","ACSSF","0005688",,,,,"29","510",,,,"116100",,,,,,,,,,,,,,,,,,,,,,,,,,,,,,,,,,,,,2973,2973,2754,1417,830,57,279,0,0,171,219,219,0,0,0,0,0,0,1775,1775,1470,305,105300,428,198,230,2189,474,1715,309,74,235,768
"29510116200","14000US29510116200","Census Tract 1162, St. Louis city, Missouri","Census Tract 1162, St. Louis city, Missouri","mo","140","00","ACSSF","0005689",,,,,"29","510",,,,"116200",,,,,,,,,,,,,,,,,,,,,,,,,,,,,,,,,,,,,4132,4132,3842,2918,588,15,158,0,0,163,290,280,0,0,0,0,10,0,2347,2347,2131,216,146900,641,0,641,3144,381,2763,347,52,295,1069
"29510116301","14000US29510116301","Census Tract 1163.01, St. Louis city, Missouri","Census Tract 1163.01, St. Louis city, Missouri","mo","140","00","ACSSF","0005690",,,,,"29","510",,,,"116301",,,,,,,,,,,,,,,,,,,,,,,,,,,,,,,,,,,,,3634,3634,3330,2374,703,10,132,0,0,111,304,218,0,0,0,0,86,0,1603,1603,1442,161,205700,787,112,675,2517,290,2227,320,74,246,781
"29510116302","14000US29510116302","Census Tract 1163.02, St. Louis city, Missouri","Census Tract 1163.02, St. Louis city, Missouri","mo","140","00","ACSSF","0005691",,,,,"29","510",,,,"116302",,,,,,,,,,,,,,,,,,,,,,,,,,,,,,,,,,,,,2783,2783,2463,324,1009,0,1079,0,28,23,320,280,0,0,16,0,24,0,1575,1575,1265,310,86000,617,261,356,2043,673,1370,123,10,113,272
"29510116400","14000US29510116400","Census Tract 1164, St. Louis city, Missouri","Census Tract 1164, St. Louis city, Missouri","mo","140","00","ACSSF","0005692",,,,,"29","510",,,,"116400",,,,,,,,,,,,,,,,,,,,,,,,,,,,,,,,,,,,,4852,4852,4418,1117,2804,0,229,0,101,167,434,224,138,0,0,0,48,24,2594,2594,1950,644,64500,1412,755,657,3056,1034,2022,361,54,307,609
"29510116500","14000US29510116500","Census Tract 1165, St. Louis city, Missouri","Census Tract 1165, St. Louis city, Missouri","mo","140","00","ACSSF","0005693",,,,,"29","510",,,,"116500",,,,,,,,,,,,,,,,,,,,,,,,,,,,,,,,,,,,,4723,4723,4466,1991,1932,0,441,0,40,62,257,76,0,0,6,0,84,91,2316,2316,1947,369,154400,998,208,790,3429,826,2603,296,46,250,712
"29510117100","14000US29510117100","Census Tract 1171, St. Louis city, Missouri","Census Tract 1171, St. Louis city, Missouri","mo","140","00","ACSSF","0005694",,,,,"29","510",,,,"117100",,,,,,,,,,,,,,,,,,,,,,,,,,,,,,,,,,,,,1685,1685,1654,1180,385,0,20,0,34,35,31,31,0,0,0,0,0,0,1111,1111,1019,92,162900,226,91,135,1347,195,1152,112,12,100,188
"29510117200","14000US29510117200","Census Tract 1172, St. Louis city, Missouri","Census Tract 1172, St. Louis city, Missouri","mo","140","00","ACSSF","0005695",,,,,"29","510",,,,"117200",,,,,,,,,,,,,,,,,,,,,,,,,,,,,,,,,,,,,5171,5171,5083,2670,2104,0,44,0,13,252,88,45,29,0,0,0,14,0,2834,2834,2368,466,177800,810,306,504,3845,837,3008,504,96,408,1228
"29510117400","14000US29510117400","Census Tract 1174, St. Louis city, Missouri","Census Tract 1174, St. Louis city, Missouri","mo","140","00","ACSSF","0005696",,,,,"29","510",,,,"117400",,,,,,,,,,,,,,,,,,,,,,,,,,,,,,,,,,,,,4635,4635,4519,2819,1344,16,106,0,57,177,116,102,0,0,0,0,0,14,2307,2307,1997,310,212000,960,133,827,3050,450,2600,410,26,384,904
"29510118100","14000US29510118100","Census Tract 1181, St. Louis city, Missouri","Census Tract 1181, St. Louis city, Missouri","mo","140","00","ACSSF","0005697",,,,,"29","510",,,,"118100",,,,,,,,,,,,,,,,,,,,,,,,,,,,,,,,,,,,,1234,1234,1154,373,766,0,6,0,6,3,80,67,0,0,0,0,5,8,820,820,585,235,121700,223,137,86,957,225,732,53,11,42,207
"29510118400","14000US29510118400","Census Tract 1184, St. Louis city, Missouri","Census Tract 1184, St. Louis city, Missouri","mo","140","00","ACSSF","0005698",,,,,"29","510",,,,"118400",,,,,,,,,,,,,,,,,,,,,,,,,,,,,,,,,,,,,1480,1480,1395,770,421,0,138,0,11,55,85,63,20,0,0,0,2,0,541,541,386,155,,0,0,0,400,250,150,55,38,17,10
"29510118600","14000US29510118600","Census Tract 1186, St. Louis city, Missouri","Census Tract 1186, St. Louis city, Missouri","mo","140","00","ACSSF","0005699",,,,,"29","510",,,,"118600",,,,,,,,,,,,,,,,,,,,,,,,,,,,,,,,,,,,,3980,3980,3835,1977,1491,0,267,0,8,92,145,103,0,0,0,0,25,17,1785,1785,1512,273,174800,510,86,424,2325,611,1714,275,32,243,468
"29510119101","14000US29510119101","Census Tract 1191.01, St. Louis city, Missouri","Census Tract 1191.01, St. Louis city, Missouri","mo","140","00","ACSSF","0005700",,,,,"29","510",,,,"119101",,,,,,,,,,,,,,,,,,,,,,,,,,,,,,,,,,,,,2787,2787,2738,1440,992,0,275,0,0,31,49,49,0,0,0,0,0,0,1949,1949,1755,194,267900,165,107,58,2176,647,1529,424,73,351,462
"29510119102","14000US29510119102","Census Tract 1191.02, St. Louis city, Missouri","Census Tract 1191.02, St. Louis city, Missouri","mo","140","00","ACSSF","0005701",,,,,"29","510",,,,"119102",,,,,,,,,,,,,,,,,,,,,,,,,,,,,,,,,,,,,3159,3159,3115,1875,629,0,522,0,0,89,44,27,0,0,0,0,17,0,2019,2019,1651,368,269900,135,51,84,2531,869,1662,331,31,300,493
"29510119200","14000US29510119200","Census Tract 1192, St. Louis city, Missouri","Census Tract 1192, St. Louis city, Missouri","mo","140","00","ACSSF","0005702",,,,,"29","510",,,,"119200",,,,,,,,,,,,,,,,,,,,,,,,,,,,,,,,,,,,,2008,2008,1993,802,1079,0,73,0,0,39,15,15,0,0,0,0,0,0,1025,1025,928,97,267800,311,67,244,1333,264,1069,353,88,265,442
"29510119300","14000US29510119300","Census Tract 1193, St. Louis city, Missouri","Census Tract 1193, St. Louis city, Missouri","mo","140","00","ACSSF","0005703",,,,,"29","510",,,,"119300",,,,,,,,,,,,,,,,,,,,,,,,,,,,,,,,,,,,,4109,4109,3972,2056,1130,18,607,11,38,112,137,108,0,12,0,0,17,0,1710,1710,1293,417,337500,183,70,113,1912,992,920,323,64,259,52
"29510120200","14000US29510120200","Census Tract 1202, St. Louis city, Missouri","Census Tract 1202, St. Louis city, Missouri","mo","140","00","ACSSF","0005704",,,,,"29","510",,,,"120200",,,,,,,,,,,,,,,,,,,,,,,,,,,,,,,,,,,,,1470,1470,1470,161,1248,0,3,0,0,58,0,0,0,0,0,0,0,0,668,668,444,224,,530,367,163,760,384,376,103,44,59,128
"29510121100","14000US29510121100","Census Tract 1211, St. Louis city, Missouri","Census Tract 1211, St. Louis city, Missouri","mo","140","00","ACSSF","0005705",,,,,"29","510",,,,"121100",,,,,,,,,,,,,,,,,,,,,,,,,,,,,,,,,,,,,1711,1711,1706,236,1407,0,63,0,0,0,5,0,5,0,0,0,0,0,1070,1070,922,148,,209,172,37,998,539,459,327,135,192,13
"29510121200","14000US29510121200","Census Tract 1212, St. Louis city, Missouri","Census Tract 1212, St. Louis city, Missouri","mo","140","00","ACSSF","0005706",,,,,"29","510",,,,"121200",,,,,,,,,,,,,,,,,,,,,,,,,,,,,,,,,,,,,2343,2343,2324,47,2204,0,0,0,0,73,19,0,4,0,0,0,0,15,1180,1180,896,284,97300,1039,706,333,1071,475,596,233,135,98,101
"29510123100","14000US29510123100","Census Tract 1231, St. Louis city, Missouri","Census Tract 1231, St. Louis city, Missouri","mo","140","00","ACSSF","0005707",,,,,"29","510",,,,"123100",,,,,,,,,,,,,,,,,,,,,,,,,,,,,,,,,,,,,3669,3669,3538,1070,2437,0,15,0,0,16,131,47,21,48,0,0,15,0,1921,1921,1528,393,154400,868,91,777,2558,478,2080,212,66,146,741
"29510123200","14000US29510123200","Census Tract 1232, St. Louis city, Missouri","Census Tract 1232, St. Louis city, Missouri","mo","140","00","ACSSF","0005708",,,,,"29","510",,,,"123200",,,,,,,,,,,,,,,,,,,,,,,,,,,,,,,,,,,,,2407,2407,2397,1593,684,0,48,0,28,44,10,10,0,0,0,0,0,0,1580,1580,1375,205,233200,294,74,220,1792,287,1505,321,73,248,508
"29510123300","14000US29510123300","Census Tract 1233, St. Louis city, Missouri","Census Tract 1233, St. Louis city, Missouri","mo","140","00","ACSSF","0005709",,,,,"29","510",,,,"123300",,,,,,,,,,,,,,,,,,,,,,,,,,,,,,,,,,,,,3029,3029,2954,1943,957,5,0,0,0,49,75,64,0,0,0,0,11,0,1732,1732,1449,283,201400,486,104,382,2317,282,2035,170,14,156,576
"29510124100","14000US29510124100","Census Tract 1241, St. Louis city, Missouri","Census Tract 1241, St. Louis city, Missouri","mo","140","00","ACSSF","0005710",,,,,"29","510",,,,"124100",,,,,,,,,,,,,,,,,,,,,,,,,,,,,,,,,,,,,5506,5506,4936,1130,3558,0,22,0,46,180,570,393,6,0,0,0,160,11,2460,2460,1784,676,69700,1996,1164,832,3151,929,2222,330,128,202,532
"29510124200","14000US29510124200","Census Tract 1242, St. Louis city, Missouri","Census Tract 1242, St. Louis city, Missouri","mo","140","00","ACSSF","0005711",,,,,"29","510",,,,"124200",,,,,,,,,,,,,,,,,,,,,,,,,,,,,,,,,,,,,3551,3551,3233,831,2152,0,28,0,14,208,318,118,0,0,0,0,200,0,1916,1916,1311,605,130700,1147,600,547,2079,698,1381,241,130,111,444
"29510124300","14000US29510124300","Census Tract 1243, St. Louis city, Missouri","Census Tract 1243, St. Louis city, Missouri","mo","140","00","ACSSF","0005712",,,,,"29","510",,,,"124300",,,,,,,,,,,,,,,,,,,,,,,,,,,,,,,,,,,,,3117,3117,3029,2218,724,0,6,0,7,74,88,37,0,0,0,0,51,0,1983,1983,1541,442,168400,389,55,334,2380,460,1920,348,63,285,886
"29510124600","14000US29510124600","Census Tract 1246, St. Louis city, Missouri","Census Tract 1246, St. Louis city, Missouri","mo","140","00","ACSSF","0005713",,,,,"29","510",,,,"124600",,,,,,,,,,,,,,,,,,,,,,,,,,,,,,,,,,,,,1780,1780,1745,499,1182,0,6,0,0,58,35,29,0,0,0,0,0,6,960,960,700,260,49800,539,429,110,1138,565,573,99,32,67,178
"29510125500","14000US29510125500","Census Tract 1255, St. Louis city, Missouri","Census Tract 1255, St. Louis city, Missouri","mo","140","00","ACSSF","0005714",,,,,"29","510",,,,"125500",,,,,,,,,,,,,,,,,,,,,,,,,,,,,,,,,,,,,2976,2976,2897,1776,880,0,184,0,46,11,79,40,0,0,0,0,39,0,3290,3290,2054,1236,174400,129,0,129,2655,402,2253,113,36,77,382
"29510125600","14000US29510125600","Census Tract 1256, St. Louis city, Missouri","Census Tract 1256, St. Louis city, Missouri","mo","140","00","ACSSF","0005715",,,,,"29","510",,,,"125600",,,,,,,,,,,,,,,,,,,,,,,,,,,,,,,,,,,,,4548,4548,4428,1987,2125,1,279,0,0,36,120,85,0,0,0,0,35,0,3134,3134,2777,357,214000,389,282,107,3368,388,2980,131,31,100,203
"29510125700","14000US29510125700","Census Tract 1257, St. Louis city, Missouri","Census Tract 1257, St. Louis city, Missouri","mo","140","00","ACSSF","0005716",,,,,"29","510",,,,"125700",,,,,,,,,,,,,,,,,,,,,,,,,,,,,,,,,,,,,3708,3708,3708,65,3635,0,0,0,0,8,0,0,0,0,0,0,0,0,1758,1758,1524,234,,1489,1185,304,1868,1033,835,351,54,297,60
"29510126600","14000US29510126600","Census Tract 1266, St. Louis city, Missouri","Census Tract 1266, St. Louis city, Missouri","mo","140","00","ACSSF","0005717",,,,,"29","510",,,,"126600",,,,,,,,,,,,,,,,,,,,,,,,,,,,,,,,,,,,,3618,3618,3535,674,2859,2,0,0,0,0,83,70,0,0,0,0,13,0,1575,1575,1203,372,127300,1071,559,512,2000,755,1245,121,72,49,316
"29510126700","14000US29510126700","Census Tract 1267, St. Louis city, Missouri","Census Tract 1267, St. Louis city, Missouri","mo","140","00","ACSSF","0005718",,,,,"29","510",,,,"126700",,,,,,,,,,,,,,,,,,,,,,,,,,,,,,,,,,,,,1173,1173,1169,414,734,0,0,0,0,21,4,0,0,0,0,0,0,4,999,999,512,487,42800,156,98,58,885,393,492,132,52,80,207
"29510126800","14000US29510126800","Census Tract 1268, St. Louis city, Missouri","Census Tract 1268, St. Louis city, Missouri","mo","140","00","ACSSF","0005719",,,,,"29","510",,,,"126800",,,,,,,,,,,,,,,,,,,,,,,,,,,,,,,,,,,,,3375,3375,3189,2747,209,0,54,0,44,135,186,171,0,0,0,0,0,15,1928,1928,1741,187,124600,396,9,387,2655,261,2394,315,16,299,1141
"29510126900","14000US29510126900","Census Tract 1269, St. Louis city, Missouri","Census Tract 1269, St. Louis city, Missouri","mo","140","00","ACSSF","0005720",,,,,"29","510",,,,"126900",,,,,,,,,,,,,,,,,,,,,,,,,,,,,,,,,,,,,4207,4207,4174,57,4071,0,0,0,0,46,33,13,8,0,0,0,12,0,2279,2279,1629,650,61300,1130,697,433,2230,690,1540,697,153,544,1018
"29510127000","14000US29510127000","Census Tract 1270, St. Louis city, Missouri","Census Tract 1270, St. Louis city, Missouri","mo","140","00","ACSSF","0005721",,,,,"29","510",,,,"127000",,,,,,,,,,,,,,,,,,,,,,,,,,,,,,,,,,,,,1978,1978,1959,307,1652,0,0,0,0,0,19,10,0,0,0,0,9,0,849,849,578,271,61000,269,117,152,730,200,530,116,37,79,201
"29510127100","14000US29510127100","Census Tract 1271, St. Louis city, Missouri","Census Tract 1271, St. Louis city, Missouri","mo","140","00","ACSSF","0005722",,,,,"29","510",,,,"127100",,,,,,,,,,,,,,,,,,,,,,,,,,,,,,,,,,,,,1991,1991,1957,58,1894,0,0,0,0,5,34,24,0,0,0,0,0,10,1317,1317,830,487,77100,473,366,107,1129,437,692,320,61,259,239
"29510127200","14000US29510127200","Census Tract 1272, St. Louis city, Missouri","Census Tract 1272, St. Louis city, Missouri","mo","140","00","ACSSF","0005723",,,,,"29","510",,,,"127200",,,,,,,,,,,,,,,,,,,,,,,,,,,,,,,,,,,,,4331,4331,4291,3155,885,13,113,0,0,125,40,40,0,0,0,0,0,0,2363,2363,2183,180,132500,581,66,515,3023,504,2519,717,51,666,1020
"29510127300","14000US29510127300","Census Tract 1273, St. Louis city, Missouri","Census Tract 1273, St. Louis city, Missouri","mo","140","00","ACSSF","0005724",,,,,"29","510",,,,"127300",,,,,,,,,,,,,,,,,,,,,,,,,,,,,,,,,,,,,3655,3655,3481,1133,2230,0,54,0,0,64,174,134,13,0,0,0,19,8,1836,1836,1606,230,205400,842,344,498,2303,674,1629,368,109,259,603
"29510127400","14000US29510127400","Census Tract 1274, St. Louis city, Missouri","Census Tract 1274, St. Louis city, Missouri","mo","140","00","ACSSF","0005725",,,,,"29","510",,,,"127400",,,,,,,,,,,,,,,,,,,,,,,,,,,,,,,,,,,,,5817,5817,5713,1782,3823,0,46,0,0,62,104,95,9,0,0,0,0,0,2368,2368,2243,125,199700,1822,1303,519,3433,1267,2166,399,36,363,776
"29510127500","14000US29510127500","Census Tract 1275, St. Louis city, Missouri","Census Tract 1275, St. Louis city, Missouri","mo","140","00","ACSSF","0005726",,,,,"29","510",,,,"127500",,,,,,,,,,,,,,,,,,,,,,,,,,,,,,,,,,,,,2476,2476,2442,388,2047,0,0,0,0,7,34,34,0,0,0,0,0,0,1616,1616,1333,283,165600,580,274,306,1683,416,1267,204,96,108,120
"29510127600","14000US29510127600","Census Tract 1276, St. Louis city, Missouri","Census Tract 1276, St. Louis city, Missouri","mo","140","00","ACSSF","0005727",,,,,"29","510",,,,"127600",,,,,,,,,,,,,,,,,,,,,,,,,,,,,,,,,,,,,2957,2957,2926,2243,578,9,40,0,17,39,31,0,12,0,0,0,19,0,2244,2244,1886,358,195900,124,11,113,2584,352,2232,249,50,199,547
